Year,MonthNum,Month,Stipendio,Reddito aggiuntivo,Alimentari,Bancomat,Carburante,"Cene, Pranzo","Immobili (affitto, mutuo, tasse, assicurazione)",Investimenti,Medicinali,PayPal + Abbonamenti,Spese Straordinarie,Trasporti,"Viaggi, Divertimento"
2025,12,December,0.0,0.0,0.0,0.0,0.0,0.0,0.0,0.0,0.0,2.99,24.98,0.0,0.0
2025,11,November,8795.0,823.0,288.0,0.0,104.0,275.0,1707.0,508.0,0.0,47.0,1210.0,205.0,164.0
2025,10,October,3782.0,3332.0,474.0,40.0,153.0,398.0,1412.0,2118.0,19.0,90.0,277.0,384.0,215.0
2025,9,September,3807.0,1662.0,324.0,0.0,161.0,211.0,1412.0,1906.0,19.0,126.0,234.0,127.0,82.0
2025,8,August,3801.0,3211.0,379.0,400.0,148.0,892.0,1412.0,2108.0,22.0,368.0,563.0,90.0,14.0
2025,7,July,4015.0,1546.0,218.0,400.0,18.0,779.0,1412.0,2053.0,0.0,202.0,5012.0,86.0,28.0
2025,6,June,8461.0,862.0,185.0,110.0,149.0,371.0,1230.0,2010.0,44.0,300.0,292.0,67.0,72.0
2025,5,May,3728.0,869.0,224.0,0.0,156.0,416.0,1412.0,-5486.0,12.0,143.0,582.0,71.0,154.0
2025,4,April,3728.0,885.0,217.0,0.0,74.0,243.0,1412.0,2342.0,61.0,100.0,700.0,342.0,196.0
2025,3,March,3700.0,986.0,471.0,130.0,46.0,231.0,1407.0,1106.0,36.0,150.0,261.0,67.0,84.0
2025,2,February,5714.0,1237.0,310.0,130.0,56.0,317.0,1386.0,4580.0,19.0,3.0,195.0,67.0,1.152
2025,1,January,3745.0,903.0,497.0,0.0,101.0,249.0,1386.0,679.0,26.0,140.0,218.0,172.0,67.0
2024,12,December,3729.0,1326.0,236.0,45.0,39.0,439.0,1386.0,520.0,10.0,150.0,736.0,65.0,139.0
2024,11,November,8594.0,1082.0,306.0,30.0,121.0,527.0,1386.0,203.0,82.0,258.0,1432.0,66.0,48.0
2024,10,October,3694.0,1056.0,475.0,20.0,30.0,267.0,1421.0,142.0,62.0,143.0,4000.0,558.0,72.0
2024,9,September,3718.0,1000.0,529.0,80.0,57.0,189.0,1421.0,-35.0,44.0,318.0,1217.0,65.0,59.0
2024,8,August,3699.0,1000.0,361.0,190.0,111.0,639.0,1421.0,-2976.0,0.0,327.0,415.0,70.0,743.0
2024,7,July,3696.0,1000.0,271.0,110.0,153.0,471.0,1421.0,15.0,11.0,516.0,238.0,156.0,960.0
2024,6,June,8376.0,1050.0,333.0,90.0,86.0,257.0,1425.0,7591.0,42.0,348.0,-9547.0,65.0,133.0
2024,5,May,3693.0,1420.0,420.0,120.0,207.0,691.0,1493.0,1415.0,42.0,617.0,-393.0,72.0,110.0
2024,4,April,3470.0,1800.0,344.0,165.0,45.0,150.0,2221.0,350.0,30.0,279.0,442.0,65.0,1.015
2024,3,March,3494.0,1382.0,374.0,20.0,112.0,369.0,1263.0,300.0,74.0,285.0,6411.0,65.0,261.0
2024,2,February,6588.0,2135.0,342.0,30.0,39.0,258.0,911.0,500.0,0.0,116.0,186.0,65.0,49.0
2024,1,January,3402.0,645.0,451.0,100.0,55.0,194.0,1606.0,1390.0,18.0,258.0,1759.0,104.0,75.0
2023,12,December,3402.0,970.0,179.0,80.0,15.0,243.0,856.0,350.0,32.0,196.0,20656.0,362.0,59.0
2023,11,November,7440.0,1000.0,285.0,20.0,74.0,426.0,886.0,300.0,32.0,181.0,515.0,761.0,87.0
2023,10,October,3371.0,945.0,362.0,60.0,88.0,316.0,856.0,400.0,38.0,290.0,190.0,362.0,86.0
2023,9,September,3395.0,1358.0,213.0,40.0,90.0,475.0,824.0,200.0,39.0,209.0,199.0,362.0,17.0
2023,8,August,3395.0,1095.0,280.0,269.0,157.0,496.0,824.0,350.0,18.0,466.0,362.0,362.0,56.0
2023,7,July,3331.0,1940.0,268.0,40.0,123.0,776.0,824.0,290.0,54.0,540.0,304.0,362.0,131.0
2023,6,June,7554.0,1099.0,262.0,580.0,98.0,241.0,824.0,400.0,28.0,682.0,376.0,362.0,2.344
2023,5,May,3310.0,1491.0,421.0,80.0,123.0,305.0,824.0,300.0,61.0,597.0,239.0,362.0,354.0
2023,4,April,3055.0,790.0,223.0,40.0,171.0,452.0,824.0,451.0,32.0,504.0,429.0,362.0,108.0
2023,3,March,3075.0,920.0,243.0,120.0,73.0,161.0,763.0,5300.0,38.0,619.0,110.0,362.0,1.092
2023,2,February,7333.0,500.0,162.0,80.0,30.0,205.0,821.0,3405.0,292.0,252.0,106.0,510.0,35.0
2023,1,January,3178.0,819.0,79.0,80.0,158.0,120.0,943.0,500.0,23.0,852.0,20.0,1.604,48.0
2022,12,December,3046.0,456.0,63.0,230.0,55.0,126.0,784.0,450.0,48.0,1.407,934.0,295.0,47.0
2022,11,November,8725.0,650.0,152.0,0.0,100.0,171.0,784.0,300.0,22.0,449.0,10094.0,295.0,13.0
2022,10,October,2980.0,910.0,253.0,80.0,105.0,180.0,784.0,600.0,0.0,494.0,99.0,299.0,50.0
2022,9,September,2991.0,570.0,249.0,80.0,63.0,190.0,784.0,1858.0,19.0,413.0,160.0,297.0,37.0
2022,8,August,2993.0,5382.0,144.0,140.0,80.0,420.0,714.0,900.0,6.0,146.0,80.0,591.0,0.0
2022,7,July,2989.0,60.0,157.0,390.0,93.0,288.0,855.0,400.0,10.0,127.0,1422.0,13.0,930.0
2022,6,June,3084.0,87.0,123.0,170.0,35.0,290.0,714.0,972.0,10.0,93.0,638.0,339.0,131.0
2022,5,May,2868.0,1130.0,144.0,180.0,118.0,176.0,784.0,300.0,27.0,286.0,280.0,329.0,150.0
2022,4,April,2920.0,5467.0,108.0,100.0,0.0,400.0,874.0,250.0,0.0,135.0,219.0,346.0,140.0
2022,3,March,2670.0,8000.0,231.0,30.0,226.0,277.0,749.0,250.0,15.0,398.0,2178.0,311.0,197.0
2022,2,February,2615.0,18.0,135.0,0.0,124.0,319.0,506.0,250.0,27.0,494.0,2984.0,311.0,197.0
2022,1,January,2764.0,166.0,158.0,210.0,175.0,132.0,507.0,2723.0,0.0,128.0,872.0,311.0,0.0
2021,12,December,4860.0,0.0,83.0,300.0,73.0,164.0,507.0,960.0,0.0,128.0,239.0,315.0,0.0
2021,11,November,2615.0,0.0,178.0,180.0,158.0,266.0,507.0,1844.0,47.0,43.0,35.0,672.0,232.0
2021,10,October,2615.0,0.0,144.0,100.0,97.0,541.0,427.0,681.0,10.0,293.0,462.0,0.0,275.0
2021,9,September,4841.0,127.0,145.0,799.0,15.0,211.0,454.0,722.0,10.0,895.0,598.0,311.0,50.0
